trade_id,symbol,buy_reason,entry_price,exit_price,quantity,lot_size,entry_time,exit_time,realized_pnl
PAPER-1772357926,SENSEX 05MAR 81200 CE,"BB15, Green",1050.05,1008.5,900,10,2026-03-01 15:08:46.912213,2026-03-01 15:08:47.015033,-373949.9999999996
PAPER-1772357928,SENSEX 05MAR 81200 CE,"BB13, Green",962.3,941.45,900,10,2026-03-01 15:08:48.473690,2026-03-01 15:08:48.591592,-187649.99999999919
PAPER-1772357928,SENSEX 05MAR 81200 CE,"BB13, Green",962.3,939.2,900,10,2026-03-01 15:08:48.595027,2026-03-01 15:08:48.654969,-207899.99999999919
PAPER-1772357928,SENSEX 05MAR 81200 CE,"BB13, Green",962.3,923.5,900,10,2026-03-01 15:08:48.657572,2026-03-01 15:08:48.734504,-349199.9999999996
PAPER-1772357929,SENSEX 05MAR 81200 CE,"BB12, BB17, Green",980.0,953.15,900,10,2026-03-01 15:08:49.694388,2026-03-01 15:08:49.808771,-241650.0000000002
PAPER-1772357931,SENSEX 05MAR 81200 CE,"BB12, CBB0, CBB1, CBB3",976.7,954.5,900,10,2026-03-01 15:08:51.768044,2026-03-01 15:08:52.376954,-199800.0000000004
PAPER-1772357932,SENSEX 05MAR 81200 CE,"BB12, CBB0, CBB4",986.3,957.1,900,10,2026-03-01 15:08:52.379872,2026-03-01 15:08:52.441213,-262799.99999999936
PAPER-1772357933,SENSEX 05MAR 81200 CE,"NRCB, BB12",903.25,920.5,900,10,2026-03-01 15:08:53.988423,2026-03-01 15:08:55.296817,155250.0
PAPER-1772357935,SENSEX 05MAR 81200 CE,CBBR2,903.55,880.0,900,10,2026-03-01 15:08:55.621945,2026-03-01 15:08:55.752304,-211949.9999999996
PAPER-1772357936,SENSEX 05MAR 81200 CE,"CBBR2, CBBR6, CBBR7",894.45,864.05,900,10,2026-03-01 15:08:56.211780,2026-03-01 15:08:56.278779,-273600.0000000008
PAPER-1772357936,SENSEX 05MAR 81200 CE,"NRCB, BB12, CBBR3, CBBR6",901.6,883.5,900,10,2026-03-01 15:08:56.744979,2026-03-01 15:08:56.882849,-162900.0000000002
PAPER-1772357937,SENSEX 05MAR 81200 CE,CBBR6,879.0,860.0,900,10,2026-03-01 15:08:57.959616,2026-03-01 15:08:58.028477,-171000.0
PAPER-1772357938,SENSEX 05MAR 81200 CE,CBBR6,879.0,830.0,900,10,2026-03-01 15:08:58.031427,2026-03-01 15:08:58.101614,-441000.0
PAPER-1772357939,SENSEX 05MAR 81200 CE,"CBBR1, CBBR3, CBBR6",855.0,847.65,900,10,2026-03-01 15:08:59.272958,2026-03-01 15:09:01.460836,-66150.0000000002
PAPER-1772357941,SENSEX 05MAR 81200 CE,"CBBR2, CBBR3",877.5,871.15,900,10,2026-03-01 15:09:01.463619,2026-03-01 15:09:01.679919,-57150.000000000204
PAPER-1772357942,SENSEX 05MAR 81200 CE,"BB12, BB13, CBBR2, CBBR3, CBBR5, Green",950.0,920.65,900,10,2026-03-01 15:09:02.643121,2026-03-01 15:09:03.179578,-264150.00000000023
PAPER-1772357943,SENSEX 05MAR 81200 CE,"BB8, CBB0, CBB3",947.2,924.35,900,10,2026-03-01 15:09:03.778351,2026-03-01 15:09:03.854212,-205650.0000000002
PAPER-1772357943,SENSEX 05MAR 81200 CE,"BB8, CBB0, CBB3",947.2,912.65,900,10,2026-03-01 15:09:03.857171,2026-03-01 15:09:03.933949,-310950.00000000064
PAPER-1772357943,SENSEX 05MAR 81200 CE,"BB8, CBB0, CBB3",947.2,897.15,900,10,2026-03-01 15:09:03.937404,2026-03-01 15:09:04.036489,-450450.00000000064
PAPER-1772357944,SENSEX 05MAR 81200 CE,"BB8, CBB0, CBB3",947.2,910.0,900,10,2026-03-01 15:09:04.039636,2026-03-01 15:09:04.116795,-334800.0000000004
PAPER-1772357944,SENSEX 05MAR 81200 CE,"BB8, CBB0, CBB3",947.2,915.4,900,10,2026-03-01 15:09:04.119163,2026-03-01 15:09:04.195126,-286200.00000000064
PAPER-1772357946,SENSEX 05MAR 81200 CE,"CBB0, CBB1, CBB2, CBB6, CBB7",860.7,718.1,900,10,2026-03-01 15:09:06.912309,2026-03-01 15:09:07.638223,-1283400.0000000002
PAPER-1772357951,SENSEX 05MAR 81200 PE,"BB12, BB17, Green",274.05,256.1,900,10,2026-03-01 15:09:11.590516,2026-03-01 15:09:11.641915,-161549.99999999988
PAPER-1772357951,SENSEX 05MAR 81200 PE,"BB12, BB17, Green",262.45,256.0,900,10,2026-03-01 15:09:11.851386,2026-03-01 15:09:11.905718,-58049.9999999999
PAPER-1772357951,SENSEX 05MAR 81200 PE,"BB12, BB17, Green",262.45,255.1,900,10,2026-03-01 15:09:11.907826,2026-03-01 15:09:11.961258,-66149.99999999994
PAPER-1772357951,SENSEX 05MAR 81200 PE,"BB12, BB17, Green",262.45,250.0,900,10,2026-03-01 15:09:11.964263,2026-03-01 15:09:12.017133,-112049.9999999999
PAPER-1772357952,SENSEX 05MAR 81200 PE,"BB5, BB8, BB12, BB17, Green",271.85,268.45,900,10,2026-03-01 15:09:12.538916,2026-03-01 15:09:12.649319,-30600.000000000306
PAPER-1772357953,SENSEX 05MAR 81200 PE,"BB12, BB17, Green",239.95,286.0,900,10,2026-03-01 15:09:13.654278,2026-03-01 15:09:14.236364,414450.0000000001
PAPER-1772357954,SENSEX 05MAR 81200 PE,"BB12, CBB0, CBB4",294.8,314.5,900,10,2026-03-01 15:09:14.600096,2026-03-01 15:09:14.864447,177299.99999999988
PAPER-1772357955,SENSEX 05MAR 81200 PE,CBBR2,295.25,330.25,900,10,2026-03-01 15:09:15.053948,2026-03-01 15:09:15.939798,315000.0
PAPER-1772357956,SENSEX 05MAR 81200 PE,"BB6, BB8, BB12, CBB0, CBB1, CBB3, CBB8, Green",350.0,361.8,900,10,2026-03-01 15:09:16.008718,2026-03-01 15:09:16.538790,106200.0000000001
PAPER-1772357957,SENSEX 05MAR 81200 PE,"CBB0, CBB4",367.45,350.7,900,10,2026-03-01 15:09:17.004250,2026-03-01 15:09:17.144468,-150750.0
PAPER-1772357957,SENSEX 05MAR 81200 PE,"BB17, CBB0, CBB4, Green",368.1,316.8,900,10,2026-03-01 15:09:17.146627,2026-03-01 15:09:17.214672,-461700.0000000001
PAPER-1772357957,SENSEX 05MAR 81200 PE,"BB17, Green",326.6,311.35,900,10,2026-03-01 15:09:17.418879,2026-03-01 15:09:17.627736,-137250.0
PAPER-1772357958,SENSEX 05MAR 81200 PE,"BB17, Green",313.9,312.05,900,10,2026-03-01 15:09:18.107142,2026-03-01 15:09:18.526215,-16649.999999999694
PAPER-1772357959,SENSEX 05MAR 81200 PE,"BB17, Green",329.6,306.2,900,10,2026-03-01 15:09:19.291151,2026-03-01 15:09:19.435646,-210600.00000000032
PAPER-1772357962,SENSEX 05MAR 81200 PE,NRCB,141.15,146.3,900,10,2026-03-01 15:09:22.767918,2026-03-01 15:09:23.324268,46350.00000000005
PAPER-1772357965,SENSEX 05MAR 81200 PE,"BB12, BB17, Green",128.5,125.1,900,10,2026-03-01 15:09:25.211300,2026-03-01 15:09:25.295294,-30600.00000000005
PAPER-1772357965,SENSEX 05MAR 81200 PE,"BB12, BB17, Green",128.5,125.35,900,10,2026-03-01 15:09:25.298862,2026-03-01 15:09:25.382134,-28350.00000000005
PAPER-1772357965,SENSEX 05MAR 81200 PE,"BB12, BB17, Green",128.5,122.85,900,10,2026-03-01 15:09:25.384529,2026-03-01 15:09:25.707096,-50850.00000000005
PAPER-1772357966,SENSEX 05MAR 81200 PE,"BB12, BB13, Green",130.75,125.45,900,10,2026-03-01 15:09:26.367637,2026-03-01 15:09:26.536284,-47699.99999999997
PAPER-1772357967,SENSEX 05MAR 81200 PE,"BB12, CBB0, CBB4",132.5,129.3,900,10,2026-03-01 15:09:27.541438,2026-03-01 15:09:27.715868,-28799.999999999898
PAPER-1772357968,SENSEX 05MAR 81200 PE,"BB12, CBB0, CBBR1",132.65,129.1,900,10,2026-03-01 15:09:28.327644,2026-03-01 15:09:28.505338,-31950.000000000102
PAPER-1772357968,SENSEX 05MAR 81200 PE,"BB5, BB12, BB17, CBB0, CBB1, CBB2, CBB5, CBB6, CBB7, Green",181.25,180.15,900,10,2026-03-01 15:09:28.860805,2026-03-01 15:09:29.137753,-9899.999999999949
PAPER-1772357969,SENSEX 05MAR 81200 PE,"BB5, BB12, BB17, CBB0, CBB1, CBB2, CBB5, CBB6, CBB7, Green",194.05,183.5,900,10,2026-03-01 15:09:29.140076,2026-03-01 15:09:29.231458,-94950.0000000001
PAPER-1772357969,SENSEX 05MAR 81200 PE,"BB5, BB12, BB17, CBB0, CBB1, CBB2, CBB5, CBB6, CBB7, Green",194.05,183.85,900,10,2026-03-01 15:09:29.233950,2026-03-01 15:09:29.323840,-91800.00000000016
PAPER-1772357970,SENSEX 05MAR 81200 PE,"BB1, BB9, CBB0, CBB3, CBB4",238.6,228.15,900,10,2026-03-01 15:09:30.595406,2026-03-01 15:09:30.967633,-94049.9999999999
PAPER-1772357971,SENSEX 05MAR 81200 PE,CBBR2,218.7,231.8,900,10,2026-03-01 15:09:31.788430,2026-03-01 15:09:32.257422,117900.0000000002
PAPER-1772357972,SENSEX 05MAR 81200 PE,"CBBR1, CBBR2, CBBR7",236.0,230.2,900,10,2026-03-01 15:09:32.820291,2026-03-01 15:09:33.200378,-52200.0000000001
PAPER-1772357975,SENSEX 05MAR 81200 PE,"BB12, BB17, CBB0, Green",234.1,223.8,900,10,2026-03-01 15:09:35.352306,2026-03-01 15:09:35.451798,-92699.99999999984
PAPER-1772357975,SENSEX 05MAR 81200 PE,"BB12, BB17, CBB0, Green",234.1,221.0,900,10,2026-03-01 15:09:35.454121,2026-03-01 15:09:35.553213,-117899.99999999994
PAPER-1772357975,SENSEX 05MAR 81200 PE,"BB17, CBB0, Green",234.1,221.0,900,10,2026-03-01 15:09:35.555621,2026-03-01 15:09:35.655967,-117899.99999999994
PAPER-1772357977,SENSEX 05MAR 81200 PE,"NRCB, BB1, BB9",218.85,217.7,900,10,2026-03-01 15:09:37.937663,2026-03-01 15:09:38.450577,-10350.000000000051
PAPER-1772357978,SENSEX 05MAR 81200 PE,"BB12, BB17, CBB0, Green",222.4,216.7,900,10,2026-03-01 15:09:38.657319,2026-03-01 15:09:38.865378,-51300.00000000015
PAPER-1772357980,SENSEX 05MAR 81200 PE,"NRCB, BB5, BB12, CBB0, CBB1, CBB2, CBB7",199.05,190.0,900,10,2026-03-01 15:09:40.636007,2026-03-01 15:09:40.742345,-81450.0000000001
PAPER-1772357980,SENSEX 05MAR 81200 PE,"NRCB, BB5, BB12, CBB0, CBB1, CBB2, CBB7",199.05,194.9,900,10,2026-03-01 15:09:40.745420,2026-03-01 15:09:40.850575,-37350.00000000005
PAPER-1772357980,SENSEX 05MAR 81200 PE,"NRCB, BB5, BB12, CBB0, CBB1, CBB2, CBB7",199.05,194.45,900,10,2026-03-01 15:09:40.852916,2026-03-01 15:09:40.959774,-41400.000000000204
PAPER-1772357980,SENSEX 05MAR 81200 PE,"NRCB, BB5, BB12, CBB0, CBB1, CBB2, CBB7",199.05,187.5,900,10,2026-03-01 15:09:40.962120,2026-03-01 15:09:41.068205,-103950.0000000001
PAPER-1772357983,SENSEX 05MAR 81200 PE,NRCB,164.5,174.8,900,10,2026-03-01 15:09:43.068675,2026-03-01 15:09:43.392690,92700.0000000001
PAPER-1772357986,SENSEX 05MAR 81200 PE,"BB12, CBB0, CBB8",161.3,151.15,900,10,2026-03-01 15:09:46.324830,2026-03-01 15:09:46.437542,-91350.00000000006
PAPER-1772357986,SENSEX 05MAR 81200 PE,"BB12, CBB0, CBB5, CBB7, CBB8",166.4,165.1,900,10,2026-03-01 15:09:46.550446,2026-03-01 15:09:46.666356,-11700.000000000102
PAPER-1772357986,SENSEX 05MAR 81200 PE,"BB12, CBB0, CBB5, CBB7, CBB8",171.6,166.0,900,10,2026-03-01 15:09:46.668568,2026-03-01 15:09:46.778571,-50399.99999999995
PAPER-1772357987,SENSEX 05MAR 81200 PE,"BB12, BB17, CBB0, CBB2, CBB5, CBB6, CBB7, Green",167.3,157.45,900,10,2026-03-01 15:09:47.445513,2026-03-01 15:09:47.670540,-88650.0000000002
PAPER-1772357987,SENSEX 05MAR 81200 PE,"CBB0, CBB2, CBB5, CBB7",168.75,164.0,900,10,2026-03-01 15:09:47.673144,2026-03-01 15:09:47.785260,-42750.0
PAPER-1772357987,SENSEX 05MAR 81200 PE,"CBB0, CBB2, CBB5, CBB7",168.75,153.2,900,10,2026-03-01 15:09:47.787804,2026-03-01 15:09:47.899904,-139950.00000000012
PAPER-1772357988,SENSEX 05MAR 81200 PE,"CBBR2, CBBR7",153.25,164.8,900,10,2026-03-01 15:09:48.129317,2026-03-01 15:09:48.581134,103950.0000000001
PAPER-1772357991,SENSEX 05MAR 81200 PE,"BB13, Green",152.65,147.7,900,10,2026-03-01 15:09:51.425759,2026-03-01 15:09:51.542078,-44550.00000000015
PAPER-1772357991,SENSEX 05MAR 81200 PE,"BB13, Green",152.65,151.9,900,10,2026-03-01 15:09:51.545645,2026-03-01 15:09:51.779083,-6750.0
PAPER-1772357991,SENSEX 05MAR 81200 PE,"NRCB, BB12, BB13, Green",156.15,195.8,900,10,2026-03-01 15:09:51.781899,2026-03-01 15:09:52.828945,356850.00000000006
PAPER-1772357994,SENSEX 05MAR 81200 PE,"BB1, CBB0, CBB6, CBB8, Green",212.3,209.0,900,10,2026-03-01 15:09:54.360282,2026-03-01 15:09:54.597235,-29700.000000000102
PAPER-1772357994,SENSEX 05MAR 81200 PE,"BB1, Green",218.8,208.8,900,10,2026-03-01 15:09:54.600261,2026-03-01 15:09:54.836481,-90000.0
PAPER-1772357995,SENSEX 05MAR 81200 PE,CBBR2,201.85,196.3,900,10,2026-03-01 15:09:55.426027,2026-03-01 15:09:55.667060,-49949.99999999985
PAPER-1772357995,SENSEX 05MAR 81200 PE,CBBR2,207.6,198.9,900,10,2026-03-01 15:09:55.669656,2026-03-01 15:09:55.788386,-78299.9999999999
PAPER-1772357995,SENSEX 05MAR 81200 PE,CBBR2,207.6,203.15,900,10,2026-03-01 15:09:55.790555,2026-03-01 15:09:55.909576,-40049.9999999999
PAPER-1772357995,SENSEX 05MAR 81200 PE,CBBR2,207.6,202.2,900,10,2026-03-01 15:09:55.911892,2026-03-01 15:09:56.149549,-48600.00000000005
PAPER-1772357996,SENSEX 05MAR 81200 PE,"CBB0, CBB2, CBB5, CBB7",214.4,236.5,900,10,2026-03-01 15:09:56.976393,2026-03-01 15:09:57.686220,198899.99999999994
PAPER-1772357999,SENSEX 05MAR 81200 PE,"CBBR2, CBBR7",229.0,215.75,900,10,2026-03-01 15:09:59.240859,2026-03-01 15:09:59.362537,-119250.0
PAPER-1772357999,SENSEX 05MAR 81200 PE,"CBBR2, CBBR7",229.0,215.7,900,10,2026-03-01 15:09:59.365160,2026-03-01 15:09:59.487046,-119700.0000000001
PAPER-1772357999,SENSEX 05MAR 81200 PE,"CBBR2, CBBR7",229.0,216.6,900,10,2026-03-01 15:09:59.489534,2026-03-01 15:09:59.610897,-111600.00000000006
PAPER-1772357999,SENSEX 05MAR 81200 PE,"CBBR2, CBBR7",229.0,217.45,900,10,2026-03-01 15:09:59.613237,2026-03-01 15:09:59.736016,-103950.0000000001
PAPER-1772357999,SENSEX 05MAR 81200 PE,"CBBR2, CBBR7",229.0,219.15,900,10,2026-03-01 15:09:59.738640,2026-03-01 15:09:59.860427,-88649.99999999994
PAPER-1772358005,SENSEX 05MAR 81200 PE,"BB6, BB8, CBB0, CBB8",240.55,234.15,900,10,2026-03-01 15:10:05.337848,2026-03-01 15:10:05.962641,-57600.00000000005
PAPER-1772358006,SENSEX 05MAR 81200 PE,CBBR2,234.25,226.05,900,10,2026-03-01 15:10:06.594054,2026-03-01 15:10:07.489939,-73799.9999999999
PAPER-1772358008,SENSEX 05MAR 81200 PE,NRCB,237.5,228.4,900,10,2026-03-01 15:10:08.893180,2026-03-01 15:10:09.540456,-81899.99999999994
PAPER-1772358011,SENSEX 05MAR 81200 PE,NRCB,224.35,216.95,900,10,2026-03-01 15:10:11.591542,2026-03-01 15:10:11.721508,-66600.00000000006
PAPER-1772358012,SENSEX 05MAR 81200 PE,NRCB,212.85,204.5,900,10,2026-03-01 15:10:12.381722,2026-03-01 15:10:12.644604,-75149.99999999994
PAPER-1772358012,SENSEX 05MAR 81200 PE,NRCB,215.2,200.2,900,10,2026-03-01 15:10:12.647331,2026-03-01 15:10:12.780207,-135000.0
PAPER-1772358012,SENSEX 05MAR 81200 PE,NRCB,215.2,191.4,900,10,2026-03-01 15:10:12.783008,2026-03-01 15:10:12.914079,-214199.99999999985
PAPER-1772358012,SENSEX 05MAR 81200 PE,NRCB,215.2,187.45,900,10,2026-03-01 15:10:12.916629,2026-03-01 15:10:13.047581,-249750.0
PAPER-1772358017,SENSEX 05MAR 81200 PE,"BB13, Green",173.4,169.05,900,10,2026-03-01 15:10:17.302047,2026-03-01 15:10:17.440536,-39149.99999999995
PAPER-1772358017,SENSEX 05MAR 81200 PE,"BB13, Green",173.4,167.7,900,10,2026-03-01 15:10:17.443070,2026-03-01 15:10:17.845814,-51300.00000000015
PAPER-1772358020,SENSEX 05MAR 81200 PE,"BB12, BB17, CBB0, CBB2, CBB6, CBB7, Green",243.05,229.95,900,10,2026-03-01 15:10:20.262849,2026-03-01 15:10:20.399358,-117900.0000000002
PAPER-1772358020,SENSEX 05MAR 81200 PE,"BB12, BB17, CBB0, CBB2, CBB6, CBB7, Green",243.05,237.05,900,10,2026-03-01 15:10:20.401751,2026-03-01 15:10:20.541011,-54000.0
PAPER-1772358020,SENSEX 05MAR 81200 PE,"BB12, BB17, CBB0, CBB2, CBB6, CBB7, Green",243.05,247.2,900,10,2026-03-01 15:10:20.544223,2026-03-01 15:10:20.954331,37349.999999999796
PAPER-1772358022,SENSEX 05MAR 81200 PE,"BB8, BB12, Green",274.05,277.05,900,10,2026-03-01 15:10:22.988798,2026-03-01 15:10:23.126184,27000.0
PAPER-1772358023,SENSEX 05MAR 81200 PE,"BB8, BB12, CBBR3, Green",291.15,275.9,900,10,2026-03-01 15:10:23.128836,2026-03-01 15:10:23.266754,-137250.0
PAPER-1772358023,SENSEX 05MAR 81200 PE,"NRCB, BB8, BB12, CBBR3, Green",291.15,267.55,900,10,2026-03-01 15:10:23.268830,2026-03-01 15:10:23.407218,-212399.99999999968
PAPER-1772358023,SENSEX 05MAR 81200 PE,"NRCB, BB8, CBBR3, Green",291.15,250.9,900,10,2026-03-01 15:10:23.409916,2026-03-01 15:10:23.547901,-362249.99999999977
PAPER-1772358023,SENSEX 05MAR 81200 PE,"NRCB, BB8, CBBR3, Green",291.15,258.45,900,10,2026-03-01 15:10:23.550401,2026-03-01 15:10:23.687920,-294299.9999999999
PAPER-1772358024,SENSEX 05MAR 81200 PE,"BB1, BB9, BB10, BB11, BB17, CBB0, Green",273.85,263.05,900,10,2026-03-01 15:10:24.375747,2026-03-01 15:10:24.515784,-97200.0000000001
PAPER-1772358024,SENSEX 05MAR 81200 PE,"BB1, BB9, BB10, BB11, BB17, CBB0, CBB6, Green",281.3,280.65,900,10,2026-03-01 15:10:24.955691,2026-03-01 15:10:25.094106,-5850.000000000307
PAPER-1772358026,SENSEX 05MAR 81200 PE,"CBB0, CBB4",289.3,283.35,900,10,2026-03-01 15:10:26.889371,2026-03-01 15:10:27.031390,-53549.9999999999
PAPER-1772358027,SENSEX 05MAR 81200 PE,"CBB0, CBB4",289.3,292.45,900,10,2026-03-01 15:10:27.034564,2026-03-01 15:10:27.454672,28349.999999999796
PAPER-1772358028,SENSEX 05MAR 81200 PE,"BB13, CBBR5, Green",309.2,315.0,900,10,2026-03-01 15:10:28.582741,2026-03-01 15:10:29.029131,52200.0000000001
PAPER-1772358029,SENSEX 05MAR 81200 PE,"BB13, CBBR3, CBBR5, Green",327.6,316.6,900,10,2026-03-01 15:10:29.031543,2026-03-01 15:10:29.873105,-99000.0
PAPER-1772358030,SENSEX 05MAR 81200 PE,CBBR2,307.0,297.15,900,10,2026-03-01 15:10:30.720845,2026-03-01 15:10:30.865603,-88650.0000000002
PAPER-1772358030,SENSEX 05MAR 81200 PE,CBBR2,307.0,284.75,900,10,2026-03-01 15:10:30.868626,2026-03-01 15:10:31.011433,-200250.0
PAPER-1772358031,SENSEX 05MAR 81200 PE,CBBR2,307.0,293.15,900,10,2026-03-01 15:10:31.013683,2026-03-01 15:10:31.158212,-124650.0000000002
PAPER-1772358031,SENSEX 05MAR 81200 PE,CBBR2,307.0,296.5,900,10,2026-03-01 15:10:31.161467,2026-03-01 15:10:31.305431,-94500.0
PAPER-1772358031,SENSEX 05MAR 81200 PE,CBBR2,307.0,286.0,900,10,2026-03-01 15:10:31.308789,2026-03-01 15:10:31.451713,-189000.0
PAPER-1772358032,SENSEX 05MAR 81200 PE,CBBR6,303.2,298.7,900,10,2026-03-01 15:10:32.307968,2026-03-01 15:10:33.179819,-40500.0
PAPER-1772358035,SENSEX 05MAR 81200 PE,CBBR2,295.8,289.65,900,10,2026-03-01 15:10:35.800812,2026-03-01 15:10:36.096616,-55350.000000000306
PAPER-1772358036,SENSEX 05MAR 81200 PE,CBBR2,296.55,287.95,900,10,2026-03-01 15:10:36.099614,2026-03-01 15:10:36.247813,-77400.0000000002
PAPER-1772358036,SENSEX 05MAR 81200 PE,CBBR2,296.55,280.0,900,10,2026-03-01 15:10:36.250744,2026-03-01 15:10:36.396267,-148950.00000000012
PAPER-1772358036,SENSEX 05MAR 81200 PE,CBBR2,296.55,288.95,900,10,2026-03-01 15:10:36.398543,2026-03-01 15:10:36.543429,-68400.0000000002
PAPER-1772358038,SENSEX 05MAR 81200 PE,"BB5, BB6, BB11, BB12, CBB0, CBB7",298.0,289.05,900,10,2026-03-01 15:10:38.431045,2026-03-01 15:10:38.578597,-80549.9999999999
PAPER-1772358038,SENSEX 05MAR 81200 PE,"BB5, BB6, BB11, CBB0, CBB7",298.0,328.7,900,10,2026-03-01 15:10:38.581326,2026-03-01 15:10:39.909880,276299.9999999999
PAPER-1772358039,SENSEX 05MAR 81200 PE,"BB9, BB10, BB11, BB12, CBB0, CBB1, CBB2, CBB6, CBB7, CBB8, Green",330.0,340.2,900,10,2026-03-01 15:10:39.912943,2026-03-01 15:10:40.797764,91799.9999999999
PAPER-1772358042,SENSEX 05MAR 81200 PE,"BB13, Green",330.25,313.55,900,10,2026-03-01 15:10:42.582613,2026-03-01 15:10:42.735748,-150299.99999999988
PAPER-1772358042,SENSEX 05MAR 81200 PE,"BB13, Green",330.25,317.95,900,10,2026-03-01 15:10:42.738810,2026-03-01 15:10:42.890814,-110700.0000000001
PAPER-1772358042,SENSEX 05MAR 81200 PE,"BB13, Green",330.25,321.5,900,10,2026-03-01 15:10:42.893341,2026-03-01 15:10:43.044474,-78750.0
PAPER-1772358043,SENSEX 05MAR 81200 PE,"BB13, CBB0, Green",330.25,312.25,900,10,2026-03-01 15:10:43.047167,2026-03-01 15:10:43.200441,-162000.0
PAPER-1772358044,SENSEX 05MAR 81200 PE,"BB13, Green",313.6,330.0,900,10,2026-03-01 15:10:44.724639,2026-03-01 15:10:46.846216,147599.9999999998
PAPER-1772358048,SENSEX 05MAR 81200 PE,"BB8, CBBR2, CBBR7",317.9,311.05,900,10,2026-03-01 15:10:48.501501,2026-03-01 15:10:48.810398,-61649.999999999694
PAPER-1772358048,SENSEX 05MAR 81200 PE,"BB8, CBBR2, CBBR7",318.75,320.05,900,10,2026-03-01 15:10:48.812782,2026-03-01 15:10:50.961743,11700.000000000102
PAPER-1772358054,SENSEX 05MAR 81200 PE,CBBR2,329.45,322.15,900,10,2026-03-01 15:10:54.689540,2026-03-01 15:10:54.849125,-65700.0000000001
PAPER-1772358054,SENSEX 05MAR 81200 PE,CBBR2,330.0,320.5,900,10,2026-03-01 15:10:54.852563,2026-03-01 15:10:55.010579,-85500.0
PAPER-1772358055,SENSEX 05MAR 81200 PE,CBBR2,330.0,320.95,900,10,2026-03-01 15:10:55.013873,2026-03-01 15:10:55.489168,-81450.0000000001
PAPER-1772358063,SENSEX 05MAR 81200 PE,"NRCB, BB12, CBB0, CBB4",282.0,260.45,900,10,2026-03-01 15:11:03.617701,2026-03-01 15:11:03.953131,-193950.00000000012
PAPER-1772358063,SENSEX 05MAR 81200 PE,"NRCB, BB12",282.0,261.2,900,10,2026-03-01 15:11:03.955893,2026-03-01 15:11:04.120287,-187200.00000000012
PAPER-1772358064,SENSEX 05MAR 81200 PE,"NRCB, BB12",282.0,259.85,900,10,2026-03-01 15:11:04.122516,2026-03-01 15:11:04.283102,-199349.9999999998
PAPER-1772358065,SENSEX 05MAR 81200 PE,"BB12, CBB0, CBB8",276.1,269.3,900,10,2026-03-01 15:11:05.262042,2026-03-01 15:11:06.116353,-61200.0000000001
PAPER-1772358070,SENSEX 05MAR 81200 PE,"BB11, CBB0, CBB8",311.5,298.15,900,10,2026-03-01 15:11:10.211573,2026-03-01 15:11:10.715963,-120150.0000000002
PAPER-1772358070,SENSEX 05MAR 81200 PE,"BB11, CBB0, CBB1, CBB4, CBB8",315.3,296.35,900,10,2026-03-01 15:11:10.718204,2026-03-01 15:11:10.883843,-170549.99999999988
PAPER-1772358070,SENSEX 05MAR 81200 PE,"BB11, CBB0, CBB1, CBB4, CBB8",315.3,291.2,900,10,2026-03-01 15:11:10.886061,2026-03-01 15:11:11.051098,-216900.0000000002
PAPER-1772358072,SENSEX 05MAR 81200 PE,"NRCB, CBBR3",411.1,393.75,900,10,2026-03-01 15:11:12.900083,2026-03-01 15:11:13.070678,-156150.0000000002
PAPER-1772358073,SENSEX 05MAR 81200 PE,"NRCB, CBBR3",424.15,519.7,900,10,2026-03-01 15:11:13.074031,2026-03-01 15:11:13.776904,859950.0000000006
PAPER-1772358076,SENSEX 05MAR 81200 PE,"BB8, CBBR2",433.8,423.65,900,10,2026-03-01 15:11:16.223174,2026-03-01 15:11:16.807380,-91350.0000000003
PAPER-1772358076,SENSEX 05MAR 81200 PE,"BB8, CBBR2",435.65,418.65,900,10,2026-03-01 15:11:16.810243,2026-03-01 15:11:16.992430,-153000.0
PAPER-1772358076,SENSEX 05MAR 81200 PE,"BB8, CBBR2",435.65,422.7,900,10,2026-03-01 15:11:16.994883,2026-03-01 15:11:17.174135,-116549.9999999999
PAPER-1772358078,SENSEX 05MAR 81300 CE,"BB15, Green",1482.65,1450.0,900,10,2026-03-01 15:11:18.655717,2026-03-01 15:11:18.711837,-293850.0000000008
PAPER-1772358078,SENSEX 05MAR 81300 CE,"BB15, Green",1483.75,1480.0,900,10,2026-03-01 15:11:18.715244,2026-03-01 15:11:19.006922,-33750.0
PAPER-1772358080,SENSEX 05MAR 81300 CE,"NRCB, BB12",1169.3,1140.0,900,10,2026-03-01 15:11:20.165882,2026-03-01 15:11:20.821333,-263699.9999999996
PAPER-1772358081,SENSEX 05MAR 81300 CE,"BB12, CBB0, CBB8",1148.6,1263.05,900,10,2026-03-01 15:11:21.485476,2026-03-01 15:11:22.383149,1030050.0000000005
PAPER-1772358084,SENSEX 05MAR 81300 CE,"BB15, BB17, Green",982.2,957.15,900,10,2026-03-01 15:11:24.777657,2026-03-01 15:11:24.916890,-225450.0000000006
PAPER-1772358091,SENSEX 05MAR 81300 CE,"BB12, CBB0, CBB4",890.0,882.0,900,10,2026-03-01 15:11:31.394362,2026-03-01 15:11:32.260981,-72000.0
PAPER-1772358093,SENSEX 05MAR 81300 CE,NRCB,847.5,825.35,900,10,2026-03-01 15:11:33.132371,2026-03-01 15:11:33.215161,-199349.9999999998
PAPER-1772358093,SENSEX 05MAR 81300 CE,NRCB,847.5,808.95,900,10,2026-03-01 15:11:33.217909,2026-03-01 15:11:33.299523,-346949.9999999996
PAPER-1772358093,SENSEX 05MAR 81300 CE,NRCB,847.5,805.05,900,10,2026-03-01 15:11:33.301938,2026-03-01 15:11:33.383463,-382050.0000000004
PAPER-1772358093,SENSEX 05MAR 81300 CE,NRCB,847.5,786.9,900,10,2026-03-01 15:11:33.385731,2026-03-01 15:11:33.467726,-545400.0000000002
PAPER-1772358093,SENSEX 05MAR 81300 CE,NRCB,847.5,795.5,900,10,2026-03-01 15:11:33.469962,2026-03-01 15:11:33.551295,-468000.0
PAPER-1772358094,SENSEX 05MAR 81300 CE,"NRCB, BB12",834.5,816.2,900,10,2026-03-01 15:11:34.363449,2026-03-01 15:11:34.447085,-164699.9999999996
PAPER-1772358094,SENSEX 05MAR 81300 CE,"NRCB, BB12",834.5,846.45,900,10,2026-03-01 15:11:34.450286,2026-03-01 15:11:36.251707,107550.00000000041
PAPER-1772358096,SENSEX 05MAR 81300 CE,CBBR2,831.45,809.4,900,10,2026-03-01 15:11:36.822732,2026-03-01 15:11:36.994352,-198450.0000000006
PAPER-1772358097,SENSEX 05MAR 81300 CE,"CBBR2, CBBR6, CBBR7",823.55,794.9,900,10,2026-03-01 15:11:37.621019,2026-03-01 15:11:37.718772,-257849.9999999998
PAPER-1772358098,SENSEX 05MAR 81300 CE,"NRCB, CBBR3, CBBR6",827.0,809.8,900,10,2026-03-01 15:11:38.248129,2026-03-01 15:11:39.049355,-154800.0000000004
PAPER-1772358100,SENSEX 05MAR 81300 CE,CBBR6,810.0,774.65,900,10,2026-03-01 15:11:40.079538,2026-03-01 15:11:40.182513,-318150.00000000023
PAPER-1772358102,SENSEX 05MAR 81300 CE,"CBBR3, CBBR6",801.6,774.9,900,10,2026-03-01 15:11:42.166685,2026-03-01 15:11:43.107360,-240300.0000000004
PAPER-1772358103,SENSEX 05MAR 81300 CE,"CBB0, CBB3",792.8,775.9,900,10,2026-03-01 15:11:43.859521,2026-03-01 15:11:44.740196,-152099.9999999998
PAPER-1772358104,SENSEX 05MAR 81300 CE,"BB12, CBBR2",788.0,773.1,900,10,2026-03-01 15:11:44.832429,2026-03-01 15:11:45.010487,-134099.9999999998
PAPER-1772358105,SENSEX 05MAR 81300 CE,"CBBR2, CBBR3",809.95,785.8,900,10,2026-03-01 15:11:45.101131,2026-03-01 15:11:45.191431,-217350.00000000081
PAPER-1772358105,SENSEX 05MAR 81300 CE,"CBBR2, CBBR3",809.95,792.0,900,10,2026-03-01 15:11:45.194370,2026-03-01 15:11:45.628020,-161550.0000000004
PAPER-1772358106,SENSEX 05MAR 81300 CE,"BB12, BB13, CBB0, CBB2, CBB6, Green",876.95,843.0,900,10,2026-03-01 15:11:46.621021,2026-03-01 15:11:47.261315,-305550.0000000004
PAPER-1772358108,SENSEX 05MAR 81300 CE,"BB6, BB8, CBB0, CBB3, CBB4",873.0,848.35,900,10,2026-03-01 15:11:48.006164,2026-03-01 15:11:48.099696,-221849.9999999998
PAPER-1772358108,SENSEX 05MAR 81300 CE,"BB6, BB8, CBB0, CBB3, CBB4",873.0,840.0,900,10,2026-03-01 15:11:48.102146,2026-03-01 15:11:48.193012,-297000.0
PAPER-1772358108,SENSEX 05MAR 81300 CE,"BB6, BB8, CBB0, CBB3, CBB4",873.0,829.75,900,10,2026-03-01 15:11:48.195439,2026-03-01 15:11:48.286560,-389250.0
PAPER-1772358108,SENSEX 05MAR 81300 CE,"BB6, BB8, CBB0, CBB3, CBB4",873.0,834.5,900,10,2026-03-01 15:11:48.288716,2026-03-01 15:11:48.379732,-346500.0
PAPER-1772358108,SENSEX 05MAR 81300 CE,"BB6, BB8, CBB0, CBB3, CBB4",873.0,839.7,900,10,2026-03-01 15:11:48.382118,2026-03-01 15:11:48.473667,-299699.9999999996
PAPER-1772358108,SENSEX 05MAR 81300 CE,"CBBR2, CBBR7",836.9,816.85,900,10,2026-03-01 15:11:48.861438,2026-03-01 15:11:49.053947,-180449.9999999996
PAPER-1772358109,SENSEX 05MAR 81300 CE,"CBBR2, CBBR7",846.1,822.4,900,10,2026-03-01 15:11:49.056148,2026-03-01 15:11:49.148119,-213300.0000000004
PAPER-1772358109,SENSEX 05MAR 81300 CE,"CBBR2, CBBR7",846.1,818.7,900,10,2026-03-01 15:11:49.150580,2026-03-01 15:11:49.243900,-246599.9999999998
PAPER-1772358109,SENSEX 05MAR 81300 CE,"CBBR2, CBBR7",846.1,805.85,900,10,2026-03-01 15:11:49.246134,2026-03-01 15:11:49.338735,-362250.0
PAPER-1772358111,SENSEX 05MAR 81300 CE,"BB12, BB13, CBB0, CBB3, Green",792.35,775.85,900,10,2026-03-01 15:11:51.676709,2026-03-01 15:11:51.865547,-148500.0
PAPER-1772358111,SENSEX 05MAR 81300 CE,"BB13, CBB0, CBB3, Green",792.35,774.95,900,10,2026-03-01 15:11:51.868149,2026-03-01 15:11:51.962299,-156599.9999999998
PAPER-1772358111,SENSEX 05MAR 81300 CE,"BB13, CBB0, CBB3, Green",792.35,650.55,900,10,2026-03-01 15:11:51.964731,2026-03-01 15:11:52.704131,-1276200.0000000007
PAPER-1772359483,SENSEX 05MAR 82200 CE,"BB15, Green",1059.1,992.7,900,10,2026-03-01 15:34:43.713464,2026-03-01 15:34:43.818986,-597599.9999999987
PAPER-1772359483,SENSEX 05MAR 82200 CE,"BB15, Green",1059.1,975.0,900,10,2026-03-01 15:34:43.821680,2026-03-01 15:34:43.880878,-756899.9999999992
PAPER-1772359484,SENSEX 05MAR 82200 CE,"BB2, BB10, BB11, BB15, Green",1058.5,1032.0,900,10,2026-03-01 15:34:44.250239,2026-03-01 15:34:44.412299,-238500.0
PAPER-1772359484,SENSEX 05MAR 82200 CE,"BB2, BB10, BB11, BB15, Green",1070.05,1047.45,900,10,2026-03-01 15:34:44.414360,2026-03-01 15:34:44.468923,-203399.99999999919
PAPER-1772359484,SENSEX 05MAR 82200 CE,"BB1, BB12, BB15, Green",1165.15,1140.0,900,10,2026-03-01 15:34:44.986482,2026-03-01 15:34:45.041012,-226350.00000000081
PAPER-1772359485,SENSEX 05MAR 82200 CE,"BB1, BB12, BB15, Green",1170.05,1143.1,900,10,2026-03-01 15:34:45.044215,2026-03-01 15:34:45.097015,-242550.0000000004
PAPER-1772359485,SENSEX 05MAR 82200 CE,"BB1, BB12, BB15, BB17, Green",1290.0,1260.0,900,10,2026-03-01 15:34:45.944673,2026-03-01 15:34:46.117199,-270000.0
PAPER-1772359486,SENSEX 05MAR 82200 CE,"BB1, BB12, BB15, Green",1300.0,1297.0,900,10,2026-03-01 15:34:46.120049,2026-03-01 15:34:46.287391,-27000.0
PAPER-1772359487,SENSEX 05MAR 82200 CE,"BB8, BB12, CBB0, CBB1, CBB3, Green",1718.0,1565.0,900,10,2026-03-01 15:34:47.193217,2026-03-01 15:34:47.257138,-1377000.0
PAPER-1772359490,SENSEX 05MAR 82200 CE,"BB12, BB17, Green",1041.0,1016.8,900,10,2026-03-01 15:34:50.430493,2026-03-01 15:34:50.504534,-217800.0000000004
PAPER-1772359491,SENSEX 05MAR 82200 CE,"BB13, Green",972.05,1020.9,900,10,2026-03-01 15:34:51.277167,2026-03-01 15:34:52.102219,439650.00000000023
PAPER-1772359501,SENSEX 05MAR 82200 CE,"BB12, CBB0, CBB4",830.85,799.3,900,10,2026-03-01 15:35:01.668109,2026-03-01 15:35:02.208240,-283950.00000000064
PAPER-1772359502,SENSEX 05MAR 82200 CE,"BB12, CBBR2",800.0,860.15,900,10,2026-03-01 15:35:02.584695,2026-03-01 15:35:03.208441,541349.9999999998
PAPER-1772359505,SENSEX 05MAR 82200 CE,CBBR3,870.55,848.95,900,10,2026-03-01 15:35:05.466879,2026-03-01 15:35:05.558957,-194399.99999999919
PAPER-1772359505,SENSEX 05MAR 82200 CE,CBBR3,870.55,851.0,900,10,2026-03-01 15:35:05.561187,2026-03-01 15:35:05.744153,-175949.9999999996
PAPER-1772359506,SENSEX 05MAR 82200 CE,CBBR2,817.35,826.0,900,10,2026-03-01 15:35:06.019206,2026-03-01 15:35:07.606780,77849.9999999998
PAPER-1772359508,SENSEX 05MAR 82200 CE,"CBB0, CBB4",837.25,1001.45,900,10,2026-03-01 15:35:08.355624,2026-03-01 15:35:10.467638,1477800.0000000005
PAPER-1772359510,SENSEX 05MAR 82200 CE,"BB8, BB12, CBB0, CBB3, Green",1044.85,1004.8,900,10,2026-03-01 15:35:10.470739,2026-03-01 15:35:10.571044,-360449.9999999996
PAPER-1772359510,SENSEX 05MAR 82200 CE,"BB8, BB12, CBB0, CBB3, Green",1044.85,1020.05,900,10,2026-03-01 15:35:10.573603,2026-03-01 15:35:10.671249,-223199.9999999996
PAPER-1772359510,SENSEX 05MAR 82200 CE,"BB8, BB12, CBB0, CBB3, Green",1044.85,1041.0,900,10,2026-03-01 15:35:10.673636,2026-03-01 15:35:11.961245,-34649.999999999185
PAPER-1772359512,SENSEX 05MAR 82200 CE,"CBB0, CBB8",1060.0,1030.0,900,10,2026-03-01 15:35:12.269897,2026-03-01 15:35:12.569566,-270000.0
PAPER-1772359512,SENSEX 05MAR 82200 CE,"CBB0, CBB8",1060.45,1034.55,900,10,2026-03-01 15:35:12.572123,2026-03-01 15:35:12.769808,-233100.00000000081
PAPER-1772359513,SENSEX 05MAR 82200 CE,CBBR3,1060.55,1010.05,900,10,2026-03-01 15:35:13.367926,2026-03-01 15:35:13.963582,-454500.0
PAPER-1772359514,SENSEX 05MAR 82200 CE,"BB16, CBBR3, Green",1070.0,1166.8,900,10,2026-03-01 15:35:14.372967,2026-03-01 15:35:16.178952,871199.9999999995
PAPER-1772359517,SENSEX 05MAR 82200 CE,"BB17, CBB0, CBB4, Green",1145.0,1119.95,900,10,2026-03-01 15:35:17.095257,2026-03-01 15:35:17.313729,-225449.9999999996
PAPER-1772359518,SENSEX 05MAR 82200 CE,"BB17, Green",1082.65,1048.0,900,10,2026-03-01 15:35:18.986770,2026-03-01 15:35:19.095720,-311850.0000000008
PAPER-1772359519,SENSEX 05MAR 82200 CE,"BB17, Green",1082.65,1030.05,900,10,2026-03-01 15:35:19.097917,2026-03-01 15:35:19.204855,-473400.0000000012
PAPER-1772359525,SENSEX 05MAR 82200 CE,NRCB,743.05,724.35,900,10,2026-03-01 15:35:25.201299,2026-03-01 15:35:26.121936,-168299.9999999994
PAPER-1772359533,SENSEX 05MAR 82200 CE,"BB2, BB12, BB17, CBB0, CBB1, CBB3, Green",739.0,735.0,900,10,2026-03-01 15:35:33.420689,2026-03-01 15:35:34.295257,-36000.0
PAPER-1772359538,SENSEX 05MAR 82200 CE,"CBB0, CBB3",729.95,706.5,900,10,2026-03-01 15:35:38.077927,2026-03-01 15:35:38.204319,-211050.0000000004
PAPER-1772359538,SENSEX 05MAR 82200 CE,"CBB0, CBB3",729.95,708.75,900,10,2026-03-01 15:35:38.206694,2026-03-01 15:35:38.332870,-190800.0000000004
PAPER-1772359538,SENSEX 05MAR 82200 CE,"CBB0, CBB3",729.95,708.75,900,10,2026-03-01 15:35:38.335094,2026-03-01 15:35:38.460210,-190800.0000000004
PAPER-1772359538,SENSEX 05MAR 82200 CE,"CBB0, CBB3",729.95,724.55,900,10,2026-03-01 15:35:38.462444,2026-03-01 15:35:38.837303,-48600.000000000815
